GSA-1:726912,pass,1/0,pass,0/0
rs12127425,pass,1/0,pass,1/1
rs4970383,pass,1/1,pass,0/0
rs28678693,pass,1/0,pass,0/0
rs4970382,pass,1/1,pass,0/0
GSA-rs4475691,pass,1/1,pass,0/0
rs7537756,pass,1/1,pass,0/0
rs2880024,pass,0/0,pass,1/1
rs2272757,pass,0/0,pass,1/1
exm2264981,pass,1/0,pass,1/1
rs3935066,pass,1/0,pass,1/1
rs35241590,pass,0/1,pass,0/0
rs28561399,pass,1/0,pass,0/0
GSA-rs3748588,pass,1/0,pass,0/0
rs2341354,pass,0/1,pass,1/1
rs4970414,pass,1/0,pass,1/1
rs2799064,pass,1/0,pass,0/0
rs28591569,pass,0/0,pass,0/1
rs79016973,pass,1/0,pass,0/0
rs2275811,pass,0/1,pass,0/0
GSA-rs74223856,pass,1/0,pass,0/0
rs2465136,pass,0/1,pass,0/0
rs9442372,pass,0/1,pass,1/1
rs12132100,pass,1/0,pass,0/0
rs9442373,pass,1/0,pass,1/1
rs4072537,pass,1/1,pass,0/1
GSA-rs57527288,pass,1/0,pass,0/0
rs9442385,pass,0/1,pass,1/1
rs3813199,pass,0/0,pass,1/0
GSA-rs76888271,pass,0/0,pass,0/1
rs142820961,pass,0/0,pass,./.
GSA-rs12093154,pass,0/0,pass,1/0
rs78446752,pass,0/0,pass,1/0
GSA-rs116866065,pass,0/0,pass,1/0
GSA-rs72894077,pass,1/0,pass,0/0
GSA-rs11260578,pass,0/0,pass,1/0
GSA-rs111819661,pass,1/0,pass,0/0
rs62623580,pass,1/0,pass,0/0
rs3845293,pass,0/1,pass,1/1
rs76022438,pass,0/1,pass,1/1
GSA-rs17160669,pass,1/0,pass,1/1
rs3843249,pass,1/0,pass,1/1
rs78727284,pass,1/0,pass,0/0
rs6690515,pass,1/0,pass,0/0
GSA-rs6669795,pass,0/1,pass,0/0
rs12032637,pass,0/1,pass,0/0
rs2031709,pass,1/0,pass,0/0
GSA-rs1887284,pass,1/0,pass,0/0
rs4648786,pass,0/0,pass,0/1
GSA-rs74223870,pass,0/0,pass,0/1
GSA-rs78656035,pass,0/0,pass,1/0
rs7532034,pass,1/0,pass,1/1
rs9442411,pass,1/1,pass,0/0
exm2268858,pass,0/0,pass,0/1
rs4648727,pass,0/0,pass,1/0
rs28710181,pass,1/1,pass,0/0
GSA-rs28633659,pass,1/1,pass,0/0
GSA-rs45489198,pass,1/1,pass,0/0
GSA-rs60609500,pass,1/1,pass,0/0
rs2803316,pass,1/1,pass,0/1
GSA-rs4648597,pass,1/0,pass,0/0
GSA-rs192231857,pass,0/0,pass,0/1
rs28624830,pass,1/0,pass,0/0
GSA-rs3795289,pass,0/1,pass,0/0
rs28548017,pass,1/1,pass,0/1
rs3820011,pass,1/0,pass,0/0
rs78927713,pass,1/0,pass,0/0
rs28446828,pass,1/0,pass,0/0
rs4648601,pass,1/0,pass,0/0
rs4648746,pass,1/1,pass,0/1
rs13303332,pass,0/1,pass,1/1
rs6605081,pass,0/0,pass,1/0
rs28706276,pass,1/0,pass,0/0
rs28550169,pass,1/1,pass,0/0
GSA-rs6656398,pass,0/0,pass,1/1
GSA-rs72636353,pass,./.,pass,0/0
rs16824627,pass,1/1,pass,0/0
GSA-rs2803346,pass,0/1,pass,1/1
GSA-rs181128189,pass,0/0,pass,0/1
GSA-rs2459995,pass,0/1,pass,1/1
rs11589827,pass,1/1,pass,1/0
rs56260599,pass,0/1,pass,0/0
GSA-rs10910033,pass,1/1,pass,0/1
rs12084736,pass,1/1,pass,1/0
rs12045693,pass,0/0,pass,1/0
GSA-rs3795275,pass,1/0,pass,0/0
rs59476564,pass,0/0,pass,0/1
GSA-rs2017143,pass,0/0,pass,1/0
rs884940,pass,1/1,pass,1/0
rs12082516,pass,0/0,pass,0/1
GSA-rs189303382,pass,0/0,pass,./.
rs2645065,pass,1/0,pass,0/0
rs1472319,pass,0/1,pass,1/1
GSA-rs2055204,pass,1/0,pass,1/1
rs2840526,pass,0/0,pass,0/1
rs2840535,pass,1/1,pass,1/0
rs2279703,pass,1/1,pass,1/0
rs12070746,pass,1/1,pass,./.
GSA-rs2643908,pass,1/1,pass,1/0
rs6693447,pass,1/1,pass,0/1
rs12731309,pass,1/1,pass,0/0
rs67532508,pass,1/1,pass,0/1
rs2494641,pass,0/0,pass,1/0
rs74049259,pass,1/0,pass,0/0
rs12563838,pass,0/0,pass,1/0
rs4648845,pass,0/0,pass,1/0
rs4648846,pass,0/0,pass,1/0
rs2477686,pass,0/0,pass,1/0
rs10910082,pass,1/0,pass,1/1
GSA-rs375244639,pass,0/1,pass,0/0
rs734999,pass,1/0,pass,0/0
rs3748816,pass,0/1,pass,0/0
rs11590198,pass,1/0,pass,0/0
rs4648356,pass,1/0,pass,0/0
rs2377041,pass,1/0,pass,1/1
rs4648384,pass,1/1,pass,1/0
GSA-rs10909992,pass,1/0,pass,1/1
rs12409348,pass,0/1,pass,1/1
rs897636,pass,0/1,pass,1/1
rs10797342,pass,1/0,pass,1/1
rs2842910,pass,1/1,pass,0/1
rs7340016,pass,0/0,pass,0/1
rs2606410,pass,0/0,pass,1/0
rs34512080,pass,1/1,pass,1/0
rs10797368,pass,0/0,pass,1/0
GSA-rs16823228,pass,1/1,pass,0/1
rs10909845,pass,0/1,pass,0/0
GSA-rs12025260,pass,0/0,pass,0/1
rs2142569,pass,1/0,pass,0/0
rs74048148,pass,0/0,pass,0/1
rs717795,pass,0/0,pass,0/1
rs59243365,pass,0/0,pass,1/0
GSA-rs12563622,pass,0/0,pass,0/1
GSA-rs2993482,pass,0/0,pass,0/1
rs6695131,pass,1/1,pass,0/0
rs2817168,pass,0/1,pass,0/0
rs2072733,pass,1/0,pass,1/1
rs79143856,pass,0/0,pass,1/1
rs10797378,pass,0/0,pass,1/1
rs2742668,pass,1/1,pass,0/0
rs10909882,pass,0/0,pass,1/1
rs2817187,pass,1/0,pass,0/0
rs79155405,pass,0/0,pass,1/0
GSA-rs731031,pass,0/1,pass,1/1
GSA-rs16823409,pass,1/0,pass,0/0
GSA-rs79063099,pass,0/1,pass,0/0
rs2651899,pass,0/0,pass,0/1
rs2651935,pass,0/0,pass,1/0
GSA-rs72846849,pass,1/0,pass,0/0
rs10752733,pass,0/1,pass,1/1
rs67620903,pass,1/0,pass,0/0
rs10909892,pass,1/0,pass,0/0
rs58819932,pass,0/0,pass,1/0
GSA-rs7521987,pass,0/0,pass,0/1
rs2455116,pass,0/0,pass,0/1
rs11807062,pass,0/0,pass,0/1
rs2455107,pass,0/1,pass,0/0
rs16823763,pass,0/1,pass,0/0
rs2455144,pass,1/1,pass,0/1
rs2455137,pass,0/0,pass,1/0
rs2455135,pass,0/0,pass,1/1
